"Time [ms]","ElecPower []","MechPower []"
0,0,0
1,17032.2354429113,1067.04968842384
2,40111.6058273234,4007.22367621604
3,52444.1872321766,-9262.54622701304
4,63466.882098328,3951.10419402994
5,65247.876021612,-12605.6813306599
6,56348.2332706876,-21356.0285579313
7,48557.352718423,10801.8684049751
8,32653.4718143822,-23391.1967831018
9,17296.2135340781,-28663.4631185147
10,3579.53592201146,-5636.32389424158
11,-14591.8092963624,-49797.9382478955
12,-23834.7998798605,-23238.8572395114
13,-31378.9871256641,-29631.3365893737
14,-37592.2095015655,-35538.7862366571
15,-34756.0703757245,-23327.4105582621
16,-33796.4732443672,-17225.4535276826
17,-26065.1062002094,-22557.0632827256
18,-19016.8529941116,-10883.2671930823
19,-12831.9439165324,-8927.08216851797
20,-4949.63825237009,-3187.43193297374
21,308.774391862568,162.116833576909
22,5347.16426791154,3136.77119217568
23,10376.8010402557,8099.25589117446
24,15654.7724833811,7073.28959591981
25,15783.5746432051,8292.75503870275
26,18886.6546652879,13045.8707870699
27,14925.2052231266,7937.67543216397
28,12911.6098734287,7660.91872122378
29,10760.3846659525,12999.2047625544
30,4804.65251235953,-5374.08897279864
31,2423.62612032601,378.555045392029
32,-1598.74509208805,-3386.24405305358
33,-6693.54290214977,-5522.17327791103
34,-7330.61682339185,-4188.47112093216
35,-9319.26226012048,-4867.95343748817
36,-7697.83284289852,-8188.84093837878
37,-6310.15002477344,-4303.29346084151
38,-5124.28802370353,-3648.72097869029
39,-2276.35565201535,-1252.13468900503
40,-364.111625847967,349.785632718585
41,2180.25746264461,1688.35801951206
42,4149.36086950002,3750.00751179173
43,7408.57740931957,4619.08345270475
44,7430.35739590366,5376.07243601332
45,10264.7884965867,8850.20396111135
46,9922.80222967424,7951.658287708
47,9767.73734606153,9317.00176650958
48,10886.9615417597,11969.3873082917
49,8247.92083696188,4357.06735320425
50,8005.55091140663,7791.33782007681
51,5666.31337985622,4209.59877204847
52,3592.15089036512,3093.13299181903
53,3426.69400346947,4154.27537489793
54,1467.9078472924,2886.71397619349
55,1893.22374905392,2719.34722658892
56,1614.25126388592,2505.16638148497
57,1660.97764264995,2969.48367426609
58,2170.30461153629,1931.19448152648
59,2620.21462758099,2881.37643183953
60,3976.12046257185,2516.23531496554
61,4083.08068792805,3588.24932880873
62,6225.38563613774,5359.96702051277
63,6181.88432310026,5078.2758538938
64,7474.19397412979,8241.97786204133
65,8751.453607587,8052.7648253181
66,8077.69951528733,7177.38816508415
67,9841.75184858931,10249.5515336914
68,7953.64098022535,4840.26538903696
69,8686.77606288855,7949.26683633849
70,7648.95466354894,6203.21111023696
71,6470.6307891425,6340.72709136951
72.0000000000001,7443.41968449418,8735.40657237656
73.0000000000001,5746.32243523043,6486.48398588315
74.0000000000001,6235.55366831803,7085.5675853833
75.0000000000001,5562.88105230406,5271.92744750232
76.0000000000001,5341.19488365244,5223.36858679937
77.0000000000001,5379.94221846141,3751.60113629262
78.0000000000001,4794.17405018459,4446.3311256705
79.0000000000001,6026.62429040441,5519.40256476838
80.0000000000001,5388.25186733913,5170.31699897988
81.0000000000001,6477.65001110089,8150.88698854966
82.0000000000001,7104.26778506694,5803.01975367897
83.0000000000001,6978.56970856701,7316.61511245612
84.0000000000001,8619.52953795987,7280.88132807617
85.0000000000001,7263.1709320115,5404.47713245535
86.0000000000001,9002.02232758778,8764.58930298047
87.0000000000001,7574.48294378662,5316.34665411511
88.0000000000001,8082.88327177903,8405.79037895352
89.0000000000001,8592.06868834865,9001.25928666161
90.0000000000001,7261.09647233736,7059.95140461432
91.0000000000001,8710.75272519087,9698.89631726393
92.0000000000001,7494.51513878269,7158.89413142639
93.0000000000001,7758.44362535018,7294.85243708222
94.0000000000001,7209.02459747626,5914.80067871786
95.0000000000001,6707.43114721008,5888.96950792403
96.0000000000001,7183.56226559814,6493.60173985632
97.0000000000001,6121.3408570457,5992.79038008089
98.0000000000001,7276.17034480832,9039.41635367616
99.0000000000001,6973.28808585842,6078.00013390643
100,7053.96415039947,8611.82851340159
101,7947.96143333602,5159.03181025108
102,6898.4471127361,5970.07321949196
103,8493.34255447535,6651.39231431354
104,6827.07736011653,5095.17026271175
105,8211.23292111248,9002.03257779417
106,7830.54278345786,7963.6921068837
107,7361.52146375698,7606.60955594489
108,9049.52777894278,10246.0001995969
109,7629.57450390092,6192.11740106251
110,8649.90828616971,8535.52835899494
111,7789.42126125535,6420.61153974243
112,7813.29817437139,6891.59281278073
113,7804.62697663389,7334.96096502981
114,6776.62886348683,6538.16249450188
115,8166.74867802873,9248.22415264409
116,7170.05716247944,6782.1487334141
117,7687.78408496799,9326.11317183401
118,7876.79963768794,5406.64022549824
119,7263.64738873936,7490.82413991788
120,8148.55021021623,5049.40358386731
121,6629.70006302065,5265.27739446282
122,8285.6884865693,8164.55870587305
123,7137.00899466307,6580.82326031888
124,7401.4242909785,8537.36774988223
125,8681.45714031432,9931.26564069375
126,7374.22538365308,6223.55285166972
127,8820.44579093303,9313.40175137895
128,7605.4176720287,5023.88381446109
129,8298.10457470074,7654.92558332645
130,7847.82885493339,6810.89332030604
131,7205.51970591273,6908.82555501207
132,8572.1373665168,9767.93082927311
133,7242.04702149721,7530.25934278028
134,8290.83967501447,9230.10907637104
135,7995.08818885046,6376.59523022915
136,7986.06224401808,8136.31331976157
137,8084.74093721773,5143.90911110624
138,7095.61278891747,6574.05033706035
139,8409.1877303761,7582.06397412632
140,6941.50289630474,6128.73472638069
141,7831.12412572134,9323.56349297656
142,8324.57752728504,7827.31058921098
143,7467.8889055779,7420.70940350373
144,8961.00556314177,9510.23897600901
145,7394.17270711484,4890.50045039545
146,8674.69479421778,8451.60745722343
147,7552.60754597664,5407.42129688291
148,7632.46571834164,7572.31472892624
149,8538.46833511089,9230.29164660023
150,7203.59057279503,7521.57518794675
151,8712.89772836865,9704.71826691182
152,7941.38621522309,7491.20467017914
153,8364.22990688648,8033.47669308526
154,8057.07872760206,5808.70044975142
155,7609.4764561691,6844.35473779708
156,8343.60684877183,7048.80431607213
157,6998.05189646484,6786.12670593751
158,8260.0337423668,10068.6934733844
159,7927.29165112186,6595.98333244833
160,7719.56331271919,8731.53272608352
161,8858.36549542279,7055.81141355864
162,7364.62030510139,5877.89478521481
163,8911.49135134997,8487.91834207044
164,7134.91219600096,4930.93202490902
165,8056.54396352593,8564.94053927611
166,8014.9270558556,8099.40414859699
167,7157.76559707608,7172.44379563465
168,8888.51117113322,9978.82487421711
169,7639.14859628398,7140.90286118873
170,8536.70761852796,8346.6121932392
171,7913.20548242313,6801.23404611477
172,7884.57741792743,6804.45746450677
173,8065.52061448857,6791.12273632711
174,7040.86514542892,6597.31641902246
175,8435.80448705191,9550.95188005378
176,7525.61902773507,6943.82243831022
177,7933.7564128927,10042.9063859604
178,8471.23778652416,5587.97213014022
179,7482.75650144503,7087.18221743862
180,8760.03165304816,6212.1465273944
181,6886.32185230166,5154.28548830461
182,8445.02864201685,8760.42816643345
183,7391.48630832562,7095.68691949951
184,7271.79248269876,8031.90868840463
185,8758.72529359789,10122.0472111889
186,7350.5405096853,6227.18264693754
187,8644.63668286356,8928.33488935584
188,7719.17558541842,6099.08943763249
189,8112.66791558216,7231.29925709822
190,7862.64432621614,7105.69470757638
191,7148.88604885333,6599.12218363699
192,8485.96794000671,9178.2568016545
193,7272.72446588452,7133.85505821217
194,8191.25862009705,9757.32526207717
195,8193.76632817882,6148.96682843039
196,7916.10856276626,8652.73166114178
197,8454.20269700393,5035.20200630026
198,7091.64298838895,5911.54123502314
199,8651.0276310824,7640.75577756275
200,7065.84210145854,6144.65918848336
201,7772.64933303713,9075.8319025461
202,8479.83730742249,9346.04405674612
203,7391.61276141421,6919.46501733538
204,8913.81582177761,9886.19777412897
205,7560.06504542178,4962.73383803306
206,8493.43219550135,7953.03358114355
207,7731.05244096124,6031.00247154396
208,7492.55415521179,7059.12226230998
209,8482.70241034158,9426.8668468423
210,7151.32366674244,7551.25630660496
211,8514.37537802604,9540.80915896158
212,8007.85096799506,6942.0639293065
213,8236.46682385088,8536.60697203169
214,8229.93279072557,5390.48293770863
215,7509.8557135371,7110.56839475746
216,8524.87085943864,6771.99313735837
217,6973.87490782035,6205.70275738306
218,8236.91532977412,9543.9101330456
219,8052.50805458971,7289.75670216071
220,7605.20305323503,8185.9233080753
221,8995.5686519882,9186.34446193099
222,7437.6479785507,5383.41700705882
223,8827.53265459503,8847.28315914752
224,7396.10558770589,4826.00903764723
225,7890.60745952995,7783.67143984424
226,8161.76917773653,8217.19261912496
227,7088.01514167,7221.93552804167
228,8765.17001641017,10010.0078938704
229,7698.02163477156,7725.61985972767
230,8419.98509659789,8319.83538326724
231,8010.98616345577,6130.24414555952
232,7817.01951586598,6980.31847978289
233,8179.94055591985,6279.73532654053
234,7001.64622550988,6649.87349860981
235,8402.67956636663,9651.94593057103
236,7539.65425342725,6693.11133764101
237,7778.88320591991,9386.82436310706
238,8695.88181615236,6569.48970361581
239,7408.76628151552,6517.33150008614
240,8893.30842719678,7929.63942053466
241,7022.58052420359,4746.95985770839
242,8298.2320239376,8696.06306946427
243,7577.59305322218,7019.23771924148
244,7124.46762902591,7367.82264086269
245,8774.38665310296,9917.26650638737
246,7373.99918494174,6923.25797308273
247,8535.90137430934,8729.57948614794
248,7835.50200941582,7007.25998318964
249,8032.15290845096,6991.54431803999
250,7905.72986962643,6337.4866504551
251,7139.46322875487,6426.3902785205
252,8431.10780838763,8895.2910679737
253,7252.12175386613,6998.30125761561
254,8019.17571253877,10273.5045230487
255,8322.9286930771,5946.41858044526
256,7667.51206882361,8005.82617061303
257,8722.92788925046,5629.52452944308
258,7036.98657429584,5390.60801832877
259,8683.74291704269,8193.44954124889
260,7160.15284864401,6211.29782549937
261,7568.37642937314,8708.25362932338
262,8555.90374520325,9822.4340158048
263,7309.30491044892,6597.10157631632
264,8807.92366627986,9478.72920846023
265,7733.68856767386,5884.64479696692
266,8375.9325436898,7659.35363203138
267,7847.06053874181,6798.65505255671
268,7449.74543721357,6713.33879825715
269,8432.27115825875,8830.91715123034
270,7152.04359775103,7166.62979888935
271,8371.95420188834,9790.49398191138
272,8100.67720658875,6612.88591923094
273,8071.0738395853,9144.73702256497
274,8448.43466992341,5091.01223119865
275,7371.394032207,6589.14011833535
276,8719.36959244875,6742.01610893884
277,6964.55258960478,5814.72985261257
278,8145.76522463953,9253.58657818322
279,8147.74554475992,8433.56229845727
280,7455.39509687126,7683.20215867604
281,8988.47238388815,10246.2741755967
282,7544.76033113239,5175.19138586913
283,8687.78915608313,8354.68001990685
284,7653.27833099892,5400.08401940659
285,7781.07410252476,7280.53752103387
286,8233.82197581458,8655.42261111777
287,7072.97679743622,7372.29665868686
288,8623.63336609065,9789.30300984238
289,7779.28209893213,7291.60227885642
290,8316.64988598913,8747.42519866
291,8169.08726731916,5641.60380695248
292,7711.46454369958,7376.59221535606
293,8365.64518315263,5918.6400627314
294,6933.28705875884,6272.47874091936
295,8395.78550823696,9238.86787498554
296,7586.51616282665,6735.22087071348
297,7624.2959178395,8730.55239359711
298,8840.17164578823,8537.02830830041
299,7391.47232828787,6008.27538319265
300,8852.33648068019,9093.10694573542
301,7246.95149227822,4500.83359628632
302,8124.43547868157,7925.54794990788
303,7778.68252124457,7056.61701289439
304,7039.80217977212,7062.69726597911
305,8727.99589616789,10002.3152788385
306,7411.25893043766,7707.47233207419
307,8417.07324487854,8624.8118601657
308,7939.75326914955,6555.11213024888
309,7968.66985643216,7153.32143244331
310,8008.42158999537,5768.08027036173
311,7092.5305439077,6506.35091857954
312,8422.73466271504,8864.54045815624
313,7220.27066962918,6801.48037388886
314,7851.41758198423,9880.93446575554
315,8478.49032718006,6295.48943488391
316,7514.05799998123,7288.91006012321
317,8889.6461986517,7389.56513672049
318,7081.21844046288,4960.95327730893
319,8575.15823062272,8733.56879418706
320,7333.06600106926,6117.39748049149
321,7371.56106455202,7896.70800744969
322,8622.97501256478,9635.68269047776
323,7270.05462779048,6887.16844251438
324,8698.07597074455,9248.64234167851
325,7855.80659550077,7070.34463787671
326,8280.82086049433,7426.423204123
327,7911.96272097589,6392.97368612745
328,7438.02812987657,6532.58330505285
329,8408.58857065779,8288.13557560077
330,7138.37771863724,6973.52403103004
331,8235.8145581548,10255.6941382142
332,8180.52102739974,6438.25083331826
333,7923.74097404975,8957.30923163997
334,8700.37857926128,5319.65575689084
335,7273.61598800248,5897.43467088884
336,8856.32068985347,7491.30693679506
337,7034.08771588269,5674.18996973069
338,7988.14926857949,9170.65497002201
339,8259.84099744395,9156.80963074225
340,7314.03232512645,7130.36190357055
341,8935.52294340512,9970.30352967793
342,7685.81245135222,5787.03162829717
343,8571.18407643887,8111.04375885024
344,7821.41325316,6429.0330159892
345,7718.0200217507,6873.2560293822
346,8237.51610557521,8359.97702400816
347,7075.00246502007,7064.22632297348
348,8502.84507630326,9715.80846407904
349,7849.07532677017,6909.58518431573
350,8170.87927175063,9407.97037116184
351,8361.6790256149,5330.94529983558
352,7561.45136156775,7296.54171709311
353,8611.41942350527,5849.24293230065
354,6891.85524750487,5627.07754802043
355,8376.74317447293,8989.79746417947
356,7671.34326487053,7440.87036748239
357,7469.70437879397,8277.12492398611
358,8898.09065327279,10151.7877532379
359,7425.39671895209,5602.31177583184
360,8738.7078159359,8814.49657580077
361,7514.82403557943,4930.47355124561
362,7995.92420110512,7455.98094285846
363,7915.92129578492,7558.71405246391
364,7011.68575364588,7030.95933304738
365,8617.21188906336,9904.74189072092
366,7456.81417095727,7502.69647205735
367,8298.35522881381,8880.66102324985
368,8067.55137308917,6008.7546876442
369,7858.3287615266,7623.98332714577
370,8179.28854426494,5380.07748131443
371,6991.57996106181,6412.93873068324
372,8453.44871014601,8596.52868867468
373,7211.72070157602,6393.14196898479
374,7693.21160927364,9172.61414021251
375,8615.90952771617,7891.3024571706
376,7414.14593242479,6772.4877855933
377,8893.40422488387,9171.45943089867
378,7228.70338444046,4561.13253435512
379,8398.45801755189,8199.51745670489
380,7556.60680420104,6067.48454485495
381,7237.37865502023,7281.62174494896
382,8640.43087260597,9710.18146882249
383,7257.64083975079,7541.01373321998
384,8553.90907981917,9144.52255779507
385,7944.32514144948,7111.7742961439
386,8259.81138303074,7569.79885823998
387,7997.57873218265,5739.02226158313
388,7382.46025355436,6623.98357255607
389,8433.31938040724,7998.04575833519
390,7098.60963553982,6897.87938456085
391,8103.97982293784,10241.8946660213
392,8267.29307350977,6399.01957588612
393,7698.88670655579,8167.56103485222
394,8921.90103934838,6916.00637816681
395,7264.40695049646,5458.69851385603
396,8835.86892626227,8564.70498225413
397,7194.31767445415,5452.59841143286
398,7781.95935760665,8485.36551240817
399,8376.53349287963,9043.97891167539
400,7216.05968450433,6997.0252388924
401,8850.58625924198,9717.29280443089
402,7796.68307533276,6955.15346545045
403,8471.33301809956,7917.11486519143
404,7918.62841350335,6654.47616824781
405,7696.62591068985,6659.49574786381
406,8259.63530267834,7636.89672553447
407,7082.84639925437,6848.03739515191
408,8414.60023896965,9987.34135837126
409,7904.46920932962,6812.3807557693
410,7995.53710912503,9689.53251305476
411,8599.60617651094,5319.16482133751
412,7442.73657926071,6551.02831637337
413,8848.62626730958,6628.76682163028
414,6930.00916237197,5378.6901511575
415,8285.76984530406,9110.59047743949
416,7793.65448138904,8126.93023705279
417,7295.42616528693,7705.67025489398
418,8904.82239811322,10225.7299719855
419,7505.8615936708,5833.3444332716
420,8626.49038259942,8530.05122276728
421,7720.80571898285,6014.85029883138
422,7916.8048868866,7065.15312581767
423,7977.12236343212,7748.31163422824
424,7017.70438394615,6827.10913921449
425,8518.48130333825,9529.10701539207
426,7502.34480443631,7093.30895213888
427,8166.38521012957,9495.16733474016
428,8226.9210844452,5715.25049207379
429,7703.14612691139,7956.8929892024
430,8428.26563085125,5212.81855694262
431,6900.45146335558,5667.79331629502
432,8502.51281986662,8371.2151318263
433,7256.04717199083,6624.92830512944
434,7531.42161659731,8734.46329463518
435,8696.6545261079,9636.71625888192
436,7353.63601886786,6264.21408774111
437,8792.15285420532,9394.81052530836
438,7449.32468905977,4727.75818938632
439,8238.1525890934,7674.78988004214
440,7737.27855345909,6543.91741100478
441,7165.69382422481,6942.85765099892
442,8582.23763483348,9859.37615480185
443,7256.48138604903,7649.27052168982
444,8397.78243755948,9162.53799735804
445,8040.62954200673,6554.25708547964
446,8150.13692340269,8046.55950928462
447,8149.22534292438,5328.98184385547
448,7269.04409074049,6781.41323493363
449,8511.56760743955,7786.04307294838
450,7053.72144351511,6356.39633408526
451,7978.59025845739,9599.87011612823
452,8376.08579462007,7410.05256137562
453,7555.97789308855,7609.13169596014
454,8994.52883911054,9000.12659524943
455,7344.81966907994,4973.16176097674
456,8697.34136302206,8632.75853942831
457,7434.42859013594,5332.74837886368
458,7615.40124992735,7707.12615473671
459,8474.96818755267,9092.7168464002
460,7169.96242910168,7334.33001817343
461,8722.91696401583,9691.35763478553
462,7885.26613793429,7570.073282264
463,8381.93090195452,7924.54196854441
464,8017.53230288161,5977.95688641306
465,7651.19043524922,6767.36410482454
466,8332.923449335,7182.33018752905
467,7052.3526474986,6864.0684958656
468,8331.53377195888,10206.3295541934
469,7945.44321938181,6629.1861849821
470,7815.90168825985,9004.16673771907
471,8839.67032723162,6438.62852420743
472,7389.50610943575,6039.83553831221
473,8936.45088799481,8061.24465891546
474,7072.73886254363,5052.64960433194
475,8113.28178096945,8850.11403387288
476,7951.18280039954,8145.8495780212
477,7167.98052672648,7218.89010889891
478,8884.39968927084,9982.77818984233
479,7592.83697090883,6757.67407561747
480,8538.17780735706,8366.95927386996
481,7855.21198173353,6857.12316858377
482,7878.30548482533,6815.76828143455
483,8027.4073463591,6999.16028597005
484,7034.97404352957,6611.67543764814
485,8453.5480875742,9512.37810989826
486,7529.67051138848,6968.55472714321
487,8002.18715008377,10061.3024297229
488,8414.65578284131,5543.68816101017
489,7542.92270157352,7344.80444020139
490,8703.9400843501,5787.63310584264
491,6879.51131675724,5269.15939114674
492,8485.60377465406,8638.57181033203
493,7356.07343607606,7027.70209512244
494,7336.98328676899,8283.79585213593
495,8746.41416357467,10181.5525573773
496,7343.85155369059,6112.79472705264
497,8671.0796029572,9007.61586750237
498,7654.71374765255,5687.30343591808
499,8127.17978118627,7343.57920119859
500,7834.99473367997,7161.12701125426
