"Time [ms]","Moving1.Torque [NewtonMeter]"
0,0
1,6.95358438226469
2,26.1136555058992
3,-60.3607287297942
4,25.7479447436886
5,-82.1467545322648
6,-139.169664035968
7,70.3919454313908
8,-152.432133571694
9,-186.78962343069
10,-36.7299238541327
11,-324.515502348384
12,-151.43939079448
13,-193.096911576676
14,-231.593665806596
15,-152.016461366678
16,-112.252171503323
17,-146.996381381459
18,-70.9223924647936
19,-58.174628435432
20,-20.7713634604936
21,1.05645790846699
22,20.4412253799252
23,52.7799781807967
24,46.0941197012814
25,54.0409434993113
26,85.015313103189
27,51.7270156351498
28,49.9234903038006
29,84.7112071718777
30,-35.0210318746753
31,2.46690897342725
32,-22.066951536841
33,-35.9860447718807
34,-27.2947808223454
35,-31.7227260958294
36,-53.3637721614168
37,-28.0430372889286
38,-23.7774205718006
39,-8.15971768926549
40,2.27942891432289
41,11.0024304242964
42,24.4374689859923
43,30.1009286686068
44,35.0339574009952
45,57.6736404231972
46,51.8181369456054
47,60.7155961676267
48,78.0002520549493
49,28.3934626741414
50,50.773385316912
51,27.4324622315901
52,20.1568507048167
53,27.0719392732187
54,18.8116911880407
55,17.7210214387436
56,16.325280832048
57,19.3510719554842
58,12.5849095234676
59,18.7769083044862
60,16.3974131458604
61,23.3833482762477
62,34.9290041200848
63,33.0933226911188
64,53.7100466475162
65,52.4770123930168
66,46.7724931571853
67,66.7926922645655
68,31.5422929038474
69,51.8025527051765
70,40.4241267899619
71,41.3202696679263
72.0000000000001,56.9255465545695
73.0000000000001,42.2701156556933
74.0000000000001,46.1741310041337
75.0000000000001,34.3552814466721
76.0000000000001,34.038840573236
77.0000000000001,24.4478540716737
78.0000000000001,28.975163021236
79.0000000000001,35.9679890169843
80.0000000000001,33.6931221905608
81.0000000000001,53.1164397310341
82.0000000000001,37.8162216501465
83.0000000000001,47.6797857953249
84.0000000000001,47.446921395776
85.0000000000001,35.2190607337688
86.0000000000001,57.1157200600404
87.0000000000001,34.6447456625621
88.0000000000001,54.7775547228924
89.0000000000001,58.6580144069015
90.0000000000001,46.0071994390333
91.0000000000001,63.2042675131195
92.0000000000001,46.6519740988857
93.0000000000001,47.5379661582096
94.0000000000001,38.5446582946796
95.0000000000001,38.3763257158351
96.0000000000001,42.3164995339715
97.0000000000001,39.0528895188286
98.0000000000001,58.9066704799447
99.0000000000001,39.6081712642299
100,56.1202321721172
101,33.6195806179922
102,38.9048498400823
103,43.3447647460958
104,33.2034175616563
105,58.6630536709589
106,51.896557077289
107,49.5695767348318
108,66.7695494797789
109,40.3518330217394
110,55.6230111262724
111,41.8408482863525
112,44.910066205694
113,47.7993392100531
114,42.60688616819
115,60.2673968505631
116,44.1968579556272
117,60.7749719646976
118,35.2331568439721
119,48.815044242752
120,32.9051723471238
121,34.311945409505
122,53.2055334640533
123,42.8848912490581
124,55.6349977843311
125,64.7185359823843
126,40.5566867045277
127,60.6921361457928
128,32.7388690606815
129,49.8844351496351
130,44.3841762339181
131,45.0223658750941
132,63.6541409442747
133,49.0720294738151
134,60.1493473231396
135,41.5540096079695
136,53.0214683002033
137,33.5210313510442
138,42.8407545102504
139,49.4096218833953
140,39.93879060998
141,60.7583566118464
142,51.0078070953464
143,48.3581313722593
144,61.9748545289055
145,31.8696569824785
146,55.0761283726062
147,35.2382468091732
148,49.3460895100695
149,60.1505370685733
150,49.0154379166658
151,63.2422070941766
152,48.8175240235067
153,52.3513184759365
154,37.8532407317491
155,44.602232424364
156,45.9345578164026
157,44.2227809917444
158,65.6141044282151
159,42.9836840624922
160,56.9003020721665
161,45.9802205856024
162,38.3041556756728
163,55.3127535312259
164,32.1331352142216
165,55.814679873914
166,52.7809443218387
167,46.7402724550407
168,65.0284626400163
169,46.5347313714861
170,54.3919114745806
171,44.3212301697478
172,44.3422360441989
173,44.2553383499137
174,42.9923713149066
175,62.2401660854278
176,45.2504281516404
177,65.4460591250573
178,36.4148325558008
179,46.1846529885968
180,40.4823557345641
181,33.5886505211858
182,57.0886034089418
183,46.2400751156711
184,52.3411003455375
185,65.961791815183
186,40.5803407929539
187,58.1827919728455
188,39.7456027771325
189,47.1238126238669
190,46.3052923212308
191,43.0041388424715
192,59.8114444386109
193,46.4888033390442
194,63.5850282242029
195,40.0706360435708
196,56.3867834793312
197,32.8126257028156
198,38.5234176561073
199,49.7920955509012
200,40.0425646817729
201,59.1439776968819
202,60.9048544730317
203,45.0916994776898
204,64.4248446796393
205,32.3403763515989
206,51.8270992451667
207,39.3019041666879
208,46.0017962126975
209,61.4315479316784
210,49.2088592403295
211,62.1740695692622
212,45.2389685721316
213,55.6300400648947
214,35.1278655297508
215,46.3370524121001
216,44.1306775378905
217,40.4403639707317
218,62.194277517584
219,47.5047590609668
220,53.3447589994886
221,59.8641488522833
222,35.0818193656914
223,57.6546065926833
224,31.4493893179627
225,50.7234262358757
226,53.548530009703
227,47.0627925225223
228,65.2316713198046
229,50.3451246766853
230,54.2174165005903
231,39.9486269594416
232,45.4882599103223
233,40.9228079677237
234,43.334867162814
235,62.8983084943495
236,43.6166328251557
237,61.1706052665437
238,42.8110344795553
239,42.4711379654514
240,51.6746477973935
241,30.9342538476872
242,56.6691588995592
243,45.7418827908731
244,48.0134870968156
245,64.6273085890078
246,45.116416825095
247,56.8875735002375
248,45.6638281330174
249,45.5614147169159
250,41.2991528637338
251,41.878506277496
252,57.9674571081378
253,45.6054472957308
254,66.9487854010991
255,38.7507009467105
256,52.1711298274506
257,36.6856148051867
258,35.1286806357915
259,53.3938047918457
260,40.4768250453127
261,56.7486004546873
262,64.0093188809369
263,42.9909712611863
264,61.769516548966
265,38.3481431083189
266,49.9132911726044
267,44.3044237833894
268,43.7484480121701
269,57.5479551234148
270,46.7023847002292
271,63.8011770078266
272,43.093832225925
273,59.5930079263261
274,33.1763211449626
275,42.9390892631152
276,43.9353278752589
277,37.8925322118222
278,60.3023418759771
279,54.9585344727783
280,50.0687035626884
281,66.7713348842018
282,33.7248868411801
283,54.4444866396583
284,35.1904323740806
285,47.4446809272151
286,56.4043194459591
287,48.0426426842317
288,63.7934158652401
289,47.5167860297451
290,57.0038676795625
291,36.7643311727089
292,48.0706353035934
293,38.5696781986294
294,40.8755193728332
295,60.2064253073365
296,43.8910457177265
297,56.8939135930348
298,55.6327857639279
299,39.1537997922352
300,59.2565530266228
301,29.3303362925284
302,51.6479851343896
303,45.9854703907616
304,46.0250932437073
305,65.1815412758853
306,50.2268636751247
307,56.2048400383374
308,42.7173409330375
309,46.6156587960126
310,37.5885334289185
311,42.3995814101187
312,57.7670662898923
313,44.3228354004896
314,64.3905455656415
315,41.0254719044846
316,47.4992417950764
317,48.1551752311813
318,32.328773068849
319,56.9135704058904
320,39.8649097993596
321,51.460045457692
322,62.792326726542
323,44.8812341538044
324,60.2701220401865
325,46.074928454166
326,48.3953661844528
327,41.6607421963162
328,42.5705285692522
329,54.010840096603
330,45.4439828975023
331,66.8327214397197
332,41.9557973066781
333,58.3716074855429
334,34.6663099117534
335,38.4314901806431
336,48.818190458773
337,36.9766836386069
338,59.7619059979087
339,59.6716808321762
340,46.4660396891183
341,64.9729320598134
342,37.7120327073422
343,52.8567955337839
344,41.8957280603128
345,44.7905718915639
346,54.4790053367642
347,46.035057565848
348,63.3144779758936
349,45.0273161098578
350,61.308406301446
351,34.739879859203
352,47.5489745969247
353,38.1174417118262
354,36.6696686950957
355,58.5833217748069
356,48.4895132242708
357,53.9390875850406
358,66.1556003800094
359,36.5082789411099
360,57.4409480570208
361,32.1301475039583
362,48.5879834849175
363,49.2574587251466
364,45.8182683908877
365,64.5456901106587
366,48.8924120206931
367,57.8721182953278
368,39.156923249357
369,49.6827954400094
370,35.0600568608031
371,41.7908473109331
372,56.0205286405698
373,41.6618388360147
374,59.7746732152058
375,51.4248194036422
376,44.1339009850068
377,59.7671483841338
378,29.7232830864511
379,53.4333472448406
380,39.5396448998141
381,47.4517464299416
382,63.2778088434628
383,49.1421120221852
384,59.5916103354822
385,46.3449108437535
386,49.3296944730796
387,37.3991726913496
388,43.1661516967787
389,52.1204276400176
390,44.9510335644051
391,66.7427951735249
392,41.7001411156532
393,53.225098577212
394,45.0691607528606
395,35.5724022463365
396,55.8131448323438
397,35.5326500422919
398,55.2961176456971
399,58.9364030522802
400,45.5971319342613
401,63.3241508955341
402,45.3242684368793
403,51.5930297121494
404,43.3648611284735
405,43.3975719485993
406,49.7669474774747
407,44.6262309962633
408,65.0839615468138
409,44.393869323302
410,63.1432469220319
411,34.6631106588663
412,42.6907281663661
413,43.1973224345801
414,35.0510161221975
415,59.3704870020723
416,52.960322077971
417,50.2151201772615
418,66.6374555954239
419,38.0138368321761
420,55.5873185719843
421,39.1966461856095
422,46.041097211286
423,50.4929989232971
424,44.4898489746824
425,62.0978108498729
426,46.2245787457459
427,61.8766379880273
428,37.244260500294
429,51.8522496387182
430,33.9700897703069
431,36.9349989167879
432,54.5522400997356
433,43.1723081839028
434,56.9193995480695
435,62.7990621252691
436,40.8216615591919
437,61.2226482532571
438,30.8091233852483
439,50.0138837263091
440,42.644388918015
441,45.2441409749017
442,64.2500576989734
443,49.8475831185593
444,59.709010565803
445,42.7117689095244
446,52.4365745491886
447,34.727084712935
448,44.19206497288
449,50.7388813276979
450,41.4223805654901
451,62.5589488807048
452,48.2886845116396
453,49.5860126268153
454,58.6506330586859
455,32.4083314270816
456,56.2566257287423
457,34.7516298857536
458,50.2246077601907
459,59.2540108876068
460,47.7952275531601
461,63.1551405930582
462,49.3314827971176
463,51.6414295106227
464,38.9562249014054
465,44.1005117745887
466,46.8046985647333
467,44.730699994064
468,66.511029953177
469,43.2000552768135
470,58.6769612342936
471,41.9582585842519
472,39.3594661301031
473,52.5322724611341
474,32.9263255112662
475,57.6730543992775
476,53.0836127131756
477,47.0429466060497
478,65.0542249958728
479,44.0373652908879
480,54.5245061828062
481,44.6854397593809
482,44.415944626651
483,45.6110452788558
484,43.0859439467563
485,61.9887945058018
486,45.4115997064728
487,65.5659396179626
488,36.1262496346228
489,47.8634856466838
490,37.7159523231875
491,34.3372430051148
492,56.2945087535016
493,45.7970421265348
494,53.9825596578982
495,66.3495670522747
496,39.8349152875997
497,58.6994379898316
498,37.0621394469608
499,47.8555011986428
500,46.6665249848163
