"Time [ms]","InducedVoltage(PhaseA) [V]","InducedVoltage(PhaseB) [V]","InducedVoltage(PhaseC) [V]"
0,-75.1627942304405,-472.853805672689,457.457140171248
1,65.7795364189645,-406.523385679683,339.001197610531
2,206.721867068369,-340.192965686677,220.545255049813
3,274.86692982857,-381.340859404325,31.3125058549799
4,287.874599531938,-313.578775144216,-58.9827954143803
5,422.090330655311,-121.115195539956,-134.52226488214
6,372.462515153219,-79.181342484681,-302.388137659183
7,229.882304253765,9.64163332679235,-418.491035530564
8,235.882984011276,241.419393960572,-392.729850665981
9,143.008720764549,330.390270239059,-373.866963116106
10,-77.7283152942725,344.385890842969,-403.835846156651
11,-173.864453030446,452.247517141913,-335.018087792318
12,-222.809439661782,516.206632612616,-134.339313865175
13,-406.598888279473,432.324165909114,-57.0147197877646
14,-506.723629042665,365.632168363606,22.7997250887881
15,-462.921239856463,296.582256487026,240.761982720677
16,-474.95018174094,193.073341853541,377.018277083405
17,-454.32888226041,-5.76701741399344,406.549962957982
18,-347.366771115699,-167.243090460356,484.857577375266
19,-227.769346705217,-269.638454058348,518.025323220119
20,-72.6823751742964,-395.115043793029,464.949341827101
21,82.2577676773226,-478.764884100016,391.709803121083
22,232.603668809072,-504.349882179266,267.499004508919
23,354.272310540832,-473.753573216069,129.215270578561
24,448.114721978582,-381.076635551868,-29.7846222549762
25,473.954329816446,-323.874857841745,-203.573335495148
26,439.218964875085,-177.278466257931,-334.034365364908
27,454.21143567446,32.8882960799268,-412.934989819641
28,342.149506682815,170.333782621036,-456.661653571888
29,164.520407764547,266.948812402289,-504.35023371972
30,45.659410733129,415.721748581594,-455.097163056625
31,-69.070607180916,492.66076156422,-341.09153476578
32,-273.077639254582,490.907214052332,-265.157468253017
33,-414.289319620462,466.257114802319,-151.602406630306
34,-446.263105241993,430.78855250797,65.179466566377
35,-497.541993277323,334.328958179031,229.069317243179
36,-509.413927527462,168.764993097014,321.869707468873
37,-458.917293323609,11.0867730448074,435.565150792546
38,-361.498343612989,-131.52720256523,510.010987795673
39,-235.531371411561,-287.731284514456,509.589618509231
40,-87.0742734307655,-415.84270380936,474.026478124526
41,82.8192557550511,-481.64582808713,397.877419115756
42,243.126943604289,-504.3387678595,292.033505084815
43,370.211659207791,-475.370893258282,137.84060250316
44,454.082548064932,-440.886558808989,-35.743468755415
45,480.122878001194,-326.410968165724,-192.293279350754
46,507.377468332907,-163.763795689694,-326.108291858814
47,444.346353650967,-32.7566441249549,-431.32565660016
48,332.90551286425,131.829297962252,-491.498449226108
49,244.25990238565,300.853324833329,-497.385339277401
50,99.395697409939,422.446512187889,-439.202093869859
51,-104.850056951413,468.82684070228,-408.971753334818
52,-268.041545997334,491.385431764389,-295.872610342821
53,-363.069062368671,490.587904625768,-118.774347932015
54,-461.045571579647,436.445792643055,43.231327996553
55,-510.274981469701,311.273674986963,181.264707369204
56,-501.478166869826,189.052924411765,335.551858831886
57,-441.980176057891,41.3016319982922,452.437687445218
58,-367.465662139859,-139.126166131027,495.504951836337
59,-253.265244463847,-300.070120479207,499.317990778377
60,-86.7614602039695,-409.210437110349,469.509478761343
61,88.0091891842152,-476.046629093743,413.789866038358
62,239.403518585011,-498.512276634168,286.460955934038
63,369.288176536316,-498.642192600412,130.007609731557
64,457.518021319324,-423.815383488398,-17.3553643967472
65,503.736024276838,-310.129021687066,-185.952393855054
66,494.478641546617,-204.910178894792,-335.035703502632
67,425.181424572953,-40.0271914345165,-441.145544766627
68,381.479971690371,145.340831532343,-487.452941284726
69,251.096590301655,297.908292010886,-482.544722048603
70,72.2225186860639,400.65254965167,-479.727165384942
71,-88.9925576359398,475.7086209018,-404.529117149342
72.0000000000001,-231.811046384933,504.323224575107,-268.305000111816
73.0000000000001,-374.838467609247,492.355554007289,-139.35767917362
74.0000000000001,-472.294726547698,405.545652976332,9.53680868916584
75.0000000000001,-499.858191495437,332.116668414443,193.596683848811
76.0000000000001,-485.092228533272,207.233414936952,345.922631133269
77.0000000000001,-451.117185735499,30.9267933490793,437.451432218809
78.0000000000001,-379.930557935682,-144.264151453191,488.139281680099
79.0000000000001,-238.497530318825,-287.59662568578,499.40310389733
80.0000000000001,-79.6554694647649,-403.832809652064,483.726719537304
81.0000000000001,71.0368721912613,-481.316322552703,391.414084128528
82.0000000000001,237.116254489341,-509.090133871616,275.425642177332
83.0000000000001,375.25527815672,-482.812528976986,155.177712390189
84.0000000000001,465.100436883963,-406.301544891001,-16.4041418686469
85.0000000000001,497.073866611236,-347.686784773064,-194.465215581132
86.0000000000001,477.847072167642,-200.182671160108,-335.879519470705
87.0000000000001,465.241292516366,-22.2488911194072,-432.368768908288
88.0000000000001,369.500360399569,136.137992477809,-483.461695096334
89.0000000000001,225.706264214139,281.739666616072,-505.753858474334
90.0000000000001,90.2224067548953,407.531721493027,-475.962465371727
91.0000000000001,-66.7855052255073,483.433864284139,-374.454084309985
92.0000000000001,-243.574112099592,504.050027542204,-292.6696183884
93.0000000000001,-382.650122067643,467.845855970928,-157.335009062382
94.0000000000001,-458.318493102719,429.925282310316,26.1665414664634
95.0000000000001,-491.485738019359,341.921898401125,198.397739573121
96.0000000000001,-495.43010519447,187.439577533728,329.91824968149
97.0000000000001,-462.758351832859,26.7223450370755,432.971330616948
98.0000000000001,-353.15919284222,-126.535359520918,494.104601619221
99.0000000000001,-235.025183705708,-285.75632212056,508.384234070301
100,-102.282731977686,-412.384441176344,462.243429674021
101,73.8970071048355,-483.255723336804,383.42140306255
102,246.311033102971,-499.036415443525,306.505350230782
103,375.243293074777,-468.864668673626,147.430083235838
104,456.740056899837,-444.801258010268,-32.2685748066833
105,489.846079748753,-330.101956172511,-186.760500617114
106,505.715126502721,-178.522603371432,-328.053093307037
107,452.374591636147,-39.8216403326734,-436.103699421189
108,342.402429579537,124.463049571548,-494.742656764234
109,250.962088775781,291.227016211898,-504.131270688888
110,103.36618531206,414.832899231131,-448.823202514761
111,-82.8826433153977,476.034850241061,-405.270785701134
112,-248.276119323731,491.023868162981,-300.608651541437
113,-368.427403359404,487.691744289195,-135.628447534972
114,-457.314989069093,437.160525529276,27.4703931931115
115,-500.199823543098,313.031226844751,180.760581240398
116,-503.215187287997,190.220259460734,331.058653390806
117,-435.540588938659,47.6738651722133,443.486553018809
118,-357.933032936778,-131.116894212028,494.382054526116
119,-259.451894870316,-295.412095128945,494.380329832648
120,-93.052965997279,-410.548520251829,457.4608897296
121,87.4342268738566,-474.772276243563,416.259716727581
122,237.900958588247,-492.460520947721,286.789514902828
123,369.349426412483,-498.748619066109,128.23908271677
124,459.693115174552,-424.063669534204,-13.1989666537211
125,504.316366211676,-306.603685099925,-180.612018980755
126,497.175317194332,-206.636704556114,-335.378375957134
127,427.182302154418,-46.0169693370285,-443.287486877336
128,377.330391668137,138.779326252835,-489.650042195538
129,254.557371104573,294.035418875022,-487.088596260998
130,81.3929516163381,403.114785291352,-476.038235309837
131,-83.2260141397838,474.590954158558,-407.425899375481
132,-231.275821648084,503.314853039799,-271.552995748485
133,-371.296410248598,493.762570174266,-141.124689922539
134,-466.932414636993,406.696482716013,8.62802035168464
135,-501.165438044176,326.930869220425,186.395468068159
136,-483.655676711198,208.303493265107,339.935364875136
137,-444.350939315922,36.8344501938809,438.402221645803
138,-381.623958937625,-142.003459787648,485.529050824356
139,-239.453658091308,-285.696041409203,493.821849075095
140,-76.9537357233214,-403.95739073842,484.429563302076
141,68.9962429629671,-477.05882074626,391.671758650823
142,233.95558380114,-509.706419596547,268.293089582727
143,374.295351001945,-483.798597552075,157.247702087096
144,466.461571893388,-402.453056100828,-12.6391674547801
145,497.813481287863,-345.560469343262,-193.222695047244
146,478.940410089165,-203.025658138057,-336.150233546885
147,461.674724000958,-24.9837787058358,-432.714717483429
148,372.341121164874,137.047982771267,-484.945217900337
149,227.127359134183,279.479378606399,-504.30529605178
150,89.0151084373254,406.224058878239,-478.571088912449
151,-65.6080771630594,483.113971974334,-376.288107987302
152,-239.232500225116,505.294495292116,-289.588697001502
153,-379.310645081257,469.590709483601,-157.37296930293
154,-460.375704196028,425.675840001299,22.0486718013064
155,-490.769063785305,342.995278815001,195.907445332473
156,-492.071210514809,189.094073748321,329.371350138768
157,-463.812571759022,25.8548377406032,432.507708877199
158,-355.596883602436,-126.331937857932,489.626917619968
159,-228.736522244508,-283.54126642253,509.972089231774
160,-103.429064009449,-409.464947706016,463.980618802037
161,71.5295713040294,-483.94624465532,376.87719319327
162,245.132281030821,-499.890173274835,306.926072191492
163,375.472435182438,-466.246175085533,149.538607467443
164,456.807584919461,-443.424083052615,-31.9695922925516
165,489.952014195399,-332.498731696047,-188.59706339705
166,503.486106757704,-178.698596405294,-325.919900949868
167,455.475403526793,-36.8198427198227,-435.879251096396
168,343.12799669338,122.744071419977,-494.368206114743
169,247.258505260639,289.291446746208,-505.550260790252
170,104.172671506124,414.125683318587,-450.464162670454
171,-80.3623485437865,477.369984706374,-402.121194240045
172,-247.544593779991,491.539001541526,-301.454608041582
173,-369.050003847086,485.413293138777,-137.483941549708
174,-456.051212217378,438.420464116428,28.0612574590846
175,-498.124072015497,315.95269733242,181.493493460724
176,-504.596324207074,186.184583941418,329.417171670523
177,-438.578286921021,47.6833675123467,440.716385526261
178,-351.627016193847,-129.483784605777,495.445656351674
179,-260.697585305258,-293.98512877618,496.242090112803
180,-94.6866957019514,-410.973940097212,452.129649651781
181,87.7419238763371,-474.991258919555,417.592740570009
182,239.041946964681,-490.437582678698,289.233643705517
183,368.318174475263,-498.006257184028,127.798285765555
184,459.380073977879,-426.972150880051,-16.1060387524421
185,502.885897055623,-306.613318775186,-179.051798123384
186,499.17193748552,-202.461983747149,-334.865816786898
187,427.822049749095,-47.8770538579643,-443.509433376914
188,373.574891130195,137.415706493112,-490.08929987847
189,256.397982581774,295.096618707677,-487.787193381983
190,83.4376256910996,403.678152225994,-473.721083874247
191,-84.2069616552408,473.979025194511,-408.990609805839
192,-232.541476429304,502.311735718067,-273.592627976353
193,-370.146197774387,494.507551143968,-138.769301502069
194,-465.81163446311,409.415871946943,9.20580689600636
195,-502.079785371325,322.44036652322,184.911299815793
196,-486.093118840999,208.85166867942,338.887380995966
197,-438.748882485643,38.7583502551341,439.632996745611
198,-383.655546375456,-142.114344121418,486.512978020663
199,-242.258591948999,-286.672207835771,489.95736729655
200,-74.9858248327428,-403.810010336905,485.44189022014
201,70.2576438156464,-475.664079207305,394.701644901393
202,232.959690404249,-509.174095465515,266.744931863143
203,373.873327932539,-486.236448705784,154.687527833554
204,466.452596066375,-402.163527494596,-10.8959497716941
205,498.549848233165,-341.485342707167,-192.324231492704
206,479.336925161288,-205.655479127052,-337.747107673676
207,458.330752183031,-26.8804598297545,-432.640112050907
208,374.964364194281,139.34306655738,-484.882911362599
209,228.723786245183,279.745818892719,-503.039830861751
210,86.9909900576868,405.356911736736,-479.826613002544
211,-66.3069578343653,483.179593014143,-377.95067797821
212,-237.709642763438,505.629589485028,-286.59275944849
213,-378.818784594622,471.626385539826,-157.210442792074
214,-461.865636077711,421.230769328128,20.0297518143411
215,-491.884152128559,344.615936215015,195.723336272085
216,-488.249023942672,191.69872459379,330.628533019833
217,-465.500139933072,23.5537334439202,432.631367244788
218,-358.890490607853,-126.896579093439,487.271423933616
219,-224.983163486568,-282.860754049487,510.773989303038
220,-102.792265711659,-408.259828642067,466.909252276654
221,69.9949151448675,-484.251878596101,374.167772427131
222,244.295072307829,-501.370852721514,304.984515151596
223,376.561033819776,-465.958501746747,151.913462202076
224,456.760150319197,-440.114007057577,-30.4740005791757
225,490.139559805145,-335.5588946176,-191.479302664534
226,501.064048494344,-180.261281441017,-325.094630570889
227,458.074590756465,-33.8086753365745,-435.319008685996
228,344.254773531716,122.591699798868,-494.229243986009
229,244.532610560191,287.936143584528,-506.132758194483
230,104.020423595999,414.234687783592,-451.827710027607
231,-78.483442726758,478.471469454305,-398.846947962961
232,-247.56731858077,492.255998325751,-302.325768515348
233,-370.477182935225,482.310271338778,-139.655290789989
234,-455.765834897911,439.990144084793,29.471914610975
235,-495.905237372631,319.328575844652,182.471771530507
236,-506.009166393524,182.211870371197,328.897637491137
237,-441.927341061806,47.4338419183202,438.91304918035
238,-346.141337196877,-128.220528374029,496.453474796519
239,-261.274153726696,-293.139866359021,498.331228136444
240,-96.6193150153862,-411.816611556214,449.204323538435
241,87.0736341841554,-475.368438784032,416.828903397012
242,241.010448359062,-490.239612630114,292.088701199902
243,367.577023160744,-495.704809590047,129.221008286354
244,459.227869294291,-430.093988395892,-19.7999423171433
245,501.581610119057,-307.531742001053,-178.112345960977
246,500.861906647579,-198.735917148183,-334.06573145842
247,428.710844285045,-48.8822397165702,-443.643277347671
248,370.486836160659,135.865203625312,-490.824715163173
249,257.262296948769,295.766037474306,-488.401367309629
250,85.6406857478482,405.054596034008,-471.167007601401
251,-85.0824240754389,473.288640710299,-410.203479764109
252,-234.031776832276,500.829666057786,-276.236031756665
253,-369.576354141059,495.464281569625,-135.951678689635
254,-464.341798090937,412.71113861454,9.63046837537607
255,-503.30818912344,317.149498715039,183.873092856657
256,-489.391835820591,210.439476086085,337.653865830142
257,-432.673404363139,39.9510515252763,441.096159878054
258,-385.18954322801,-142.043211424209,487.624504779375
259,-245.081472116249,-287.897358881074,487.452410505537
260,-75.0627483994213,-403.691717385424,485.153450853084
261,72.8925753309928,-475.383219088591,397.832529318611
262,231.93849798692,-507.595186239917,267.165390912723
263,373.614784823115,-488.732848012605,150.733275195385
264,466.392918849482,-402.675925476058,-9.21253771781205
265,499.196732126436,-337.392341875813,-191.062735776464
266,480.001714281994,-207.688285299278,-338.807479736908
267,455.464824921599,-28.96861604613,-433.405582901514
268,376.707048682373,140.577854365646,-484.593497282993
269,230.525826786048,280.936181272471,-501.890881049619
270,85.1099408304457,404.475159610097,-480.564686891218
271,-67.1092049529962,482.514282229731,-380.35025107628
272,-236.441061614605,506.368169821434,-282.801266489076
273,-377.923446519094,474.332481352257,-157.418354765805
274,-463.417161318794,415.826640034317,18.2705214066325
275,-493.432898779576,346.400249356048,195.495479670155
276,-483.98851196283,194.355005040708,331.783308434459
277,-467.021849292851,21.6932542870518,432.839338266004
278,-362.009777958843,-127.8125283462,485.606729991504
279,-223.45147845759,-282.089437762759,510.612736333643
280,-100.547082397783,-407.625431283108,469.89656002151
281,68.4432076728194,-484.008583556388,373.654784913139
282,243.423089606432,-502.742914760596,301.118620072722
283,377.677484342002,-466.357400857568,154.322143023249
284,456.795619443131,-436.327828748188,-28.6564515095125
285,490.295185422029,-338.360447622601,-193.672188116772
286,499.141478535145,-182.01389610591,-325.134396921551
287,459.869968397547,-31.7582009623869,-434.489732868409
288,345.759551279508,123.321633025999,-494.224740447608
289,241.832235407704,286.478689236097,-506.430191536712
290,103.602535049201,413.831327989866,-453.748768392963
291,-76.6006731341562,479.758039000665,-394.726940289157
292,-247.272143236499,493.665294531539,-303.486632630506
293,-371.85128631287,478.28741990583,-141.934517769241
294,-455.966469178628,441.847292838648,31.0809721400342
295,-493.332285330556,322.611871016796,183.202376196026
296,-507.160657675039,178.621610080614,328.421093883166
297,-445.128636936326,46.8153343165216,437.475555748558
298,-342.74898852478,-126.830015018604,496.85448426431
299,-259.967624569467,-292.313358825046,500.295588869225
300,-98.689604263662,-412.6062349374,448.402892129049
301,85.8803419894432,-475.574422285143,413.877035358482
302,243.368449904095,-490.550615611025,295.072146295394
303,366.813302101189,-492.906830408811,130.989254582866
304,458.806867535905,-433.049116738635,-22.9431034338563
305,500.834486896832,-308.756653468085,-177.879449270455
306,501.983736574481,-195.934938395773,-332.934412841101
307,429.919034093389,-48.8895730683143,-443.831036166705
308,367.465281005431,134.236323274741,-491.554406298917
309,257.672953150555,295.897241064251,-489.297059929575
310,87.9104754621791,406.642438057835,-467.945068376919
311,-85.9032765038983,473.089641522032,-411.693959843533
312,-235.329675079157,498.526234712604,-279.38003801246
313,-369.32978405163,496.756492253951,-132.668495293917
314,-462.526790190057,416.208182666472,10.0119261350475
315,-504.404271830958,311.689536341047,182.899545502057
316,-491.855010344335,211.121854874272,336.796088877231
317,-428.724737436037,41.7349662396895,442.016317928006
318,-385.098049673789,-141.435698659023,488.503053420064
319,-247.889152649674,-289.539561769392,486.615072603019
320,-76.5464244650607,-403.337676525042,483.119547497963
321,76.483642903824,-475.449739806517,400.993410373265
322,230.960524818449,-505.730307065589,268.211463302641
323,373.124627776188,-490.956399200717,146.891367667214
324,466.354681004934,-403.521754748753,-8.06202380949506
325,499.896594040583,-334.097663032327,-189.642021288782
326,480.803535888214,-208.598040903069,-339.489277740558
327,452.726082739671,-31.1301385888645,-434.678387488332
328,377.865395858229,141.247506168532,-484.192860761395
329,232.725720714506,282.424996281746,-500.377759138007
330,82.9895316954989,403.884166496488,-481.366734757511
331,-67.7389052041355,481.107133496909,-383.531655448697
332,-235.519216688554,507.55704213596,-278.169137389026
333,-377.116196734811,476.61052054867,-157.015887029761
334,-464.438244458934,410.614199395128,15.9591406831134
335,-494.963615396421,347.978780435909,195.171215438699
336,-480.541241684922,196.916005879401,332.891942548874
337,-467.48096636486,21.3156791741778,432.936219661918
338,-365.043612713449,-129.794333661595,484.920146987066
339,-223.812608880752,-281.184078274096,509.180480860959
340,-96.9267034877133,-407.434096978387,472.863125887547
341,66.9890680632812,-483.423187540643,374.055528202589
342,242.358049536161,-503.849166791556,296.771452515423
343,378.50651653502,-467.052369395226,156.373138097396
344,457.407088829686,-433.033832604512,-26.7508661028311
345,490.329602829533,-340.273200712121,-194.979128354442
346,497.553864929866,-183.865708811823,-326.028526551621
347,460.985475271098,-30.1306887675239,-433.554889427773
348,347.937926961224,124.393091485187,-493.607270597001
349,238.559908021824,285.22255069688,-507.079288108338
350,103.422843750449,412.820725923971,-456.485570057561
351,-74.9396255570569,481.221269596191,-389.584225087492
352,-246.764705180538,495.605132024416,-304.927083587476
353,-373.03605840785,473.536236713499,-144.212266307241
354,-456.332475115562,443.731437762956,32.590279633735
355,-491.146074228709,325.612935967162,183.973053798513
356,-507.487354461156,176.776775169758,327.809949115025
357,-448.282498744427,44.9696123695611,436.560002853589
358,-341.693622307477,-125.377661601612,496.524909167445
359,-256.594112285204,-291.628891219366,502.151535006449
360,-100.823370387059,-413.278321871126,448.662771708696
361,84.3923577097252,-475.704012796797,409.862489984171
362,245.445818212921,-490.879960202337,297.948169479891
363,366.630380616122,-490.482835136564,132.838031770856
364,458.082760266964,-435.301606177543,-25.0475845233822
365,500.568269496164,-310.232978312499,-178.587199623092
366,502.529704377391,-193.506087984638,-331.63672454216
367,431.657482858544,-48.3931689735246,-443.599757537831
368,363.792344033191,132.614125226213,-492.480908568902
369,258.255160923131,295.604250748711,-490.896012525559
370,90.1104205052654,408.159616083237,-463.787859615542
371,-86.6901068922987,473.534083980696,-413.576620313322
372,-236.425798210061,495.562294211131,-282.592198700493
373,-369.164121952763,498.0736744511,-129.4801574263
374,-460.892444868308,419.530832074424,10.6554160582157
375,-504.929410804256,307.742933232958,181.805612075078
376,-494.166316749205,210.554041889833,336.037969405401
377,-427.101651796387,43.5338727765215,442.732697302456
378,-382.693362669824,-140.486460110083,489.104042289399
379,-250.770621546376,-291.479136721659,486.777081662761
380,-78.5024397596066,-402.876577178177,480.001920665581
381,79.949657097248,-475.290003711824,404.13410185026
382,230.409304072772,-504.325293180037,269.555156658691
383,372.333459288979,-492.638881600078,143.9787694298
384,466.620094423157,-404.623947963658,-7.8775510592004
385,500.389739045912,-331.257832481718,-188.150290360176
386,481.246812871399,-208.115457985559,-339.920794963146
387,449.974657535911,-33.8763351484215,-436.100531209402
388,379.207854948897,141.652710043923,-484.218864716958
389,235.364747662937,283.84023840789,-498.027833618691
390,80.4695753636191,403.694836030884,-482.52062545507
391,-68.2472411654875,479.207912775789,-387.077751536671
392,-234.857511310192,508.825449935047,-273.106038002395
393,-375.501064216323,480.1491010983,-158.106724684949
394,-465.719822870615,405.120179598362,14.8646452091286
395,-496.298667574861,348.440112789917,194.561934899958
396,-478.916410530728,199.488748589613,334.233685400934
397,-466.007369413884,22.3492370307374,432.846266903403
398,-368.143629537331,-132.785816874886,484.993937554488
399,-225.039169514899,-280.240339764563,506.959118328651
400,-92.9687446985379,-407.10125937617,475.647014715506
401,65.802976743079,-483.002581505747,374.902595569128
402,241.089051073957,-504.766624186836,293.211414021619
403,379.028216231186,-467.974515663206,157.362837286749
404,458.492503930327,-430.12915882508,-24.7453975736065
405,490.279254425812,-341.420881141871,-195.571196560755
406,495.67941142173,-185.947966746956,-327.446492291225
407,461.984374320084,-28.4477108414389,-432.752906964111
408,350.95907343443,125.362737738087,-492.197281331329
409,234.582940990997,284.279649637543,-508.240270669312
410,103.441784824283,411.384453246929,-459.718520736955
411,-73.492544292914,482.593670148498,-383.71113814079
412,-246.164336296817,497.561450261695,-306.29926396993
413,-374.090564369617,469.114373022311,-146.485701101054
414,-456.593425238574,444.936987166143,33.1496850997355
415,-489.957351459663,328.497256443444,185.424405425052
416,-506.50635332003,176.871599884272,327.044240604791
417,-451.453861757452,41.7784264295404,436.305145845463
418,-341.981270625535,-124.039570894873,495.513799029249
419,-252.188340700372,-290.783225088129,503.816988075646
420,-102.842026333062,-413.813465485919,449.311696372566
421,82.7440491237459,-476.168200128844,406.190955310411
422,246.770709916904,-491.169769744146,300.006154837712
423,367.272496993304,-488.455819642692,134.786434904268
424,457.184733812218,-436.806309529992,-26.4073194313836
425,499.952672094228,-312.183819968574,-179.898836425471
426,503.154710427567,-190.738218459072,-330.448265872658
427,434.231614754652,-47.9886037148327,-442.661135473868
428,359.157359932783,131.12983615307,-493.689211019457
429,259.098572930113,295.001872712456,-493.130782185883
430,92.1980510301472,409.48624442542,-458.721974413506
431,-87.4604910512302,474.248263292263,-415.64480806651
432,-237.394493792446,492.63495723213,-285.50838176218
433,-368.880527253334,498.872448196464,-127.536217590473
434,-459.770117398637,422.745742000608,12.1283249166615
435,-504.638885892908,306.178303666818,180.637045980377
436,-496.390775417416,207.911357183901,335.550058295988
437,-427.067299117657,45.4433309734208,443.146077604508
438,-378.705566247248,-139.290317683817,489.488011980902
439,-253.649313531584,-293.425726384476,487.176725000699
440,-80.5603861980009,-402.724470325119,477.010622161578
441,82.4449066459514,-474.833437767382,406.754095940352
442,230.764863993109,-503.504865762543,271.096001569053
443,371.376050828796,-493.630374393686,141.782065266043
444,466.702062533434,-406.152407806859,-8.42004373532101
445,500.906333738346,-328.047108585519,-186.656841505188
446,482.865323296625,-208.189774935876,-339.712957731665
447,445.829506293091,-36.118240813763,-437.68907067354
448,380.9571876884,141.896684282193,-484.940719099084
449,238.360441544625,285.133504866812,-494.754403121132
450,77.6137365758725,403.770556176945,-483.976602976749
451,-68.7601068541348,477.284797531986,-390.454207300412
452,-234.096880743043,509.587851900538,-268.89820578535
453,-374.530384382737,482.80879371556,-157.778395915882
454,-466.344776435705,402.587470291013,13.1548164309003
455,-497.396975917418,346.652766413327,193.705000843153
456,-478.796296830101,202.136596156748,335.713677787802
457,-462.856939080196,24.1563971040846,432.6585746727
458,-371.319248903044,-136.125375557557,485.075558569823
459,-226.556226767727,-279.47725311705,504.857514450704
460,-89.8075159734288,-406.469171688975,477.988267433469
461,65.4692783409707,-483.060182823579,375.965028176184
462,239.680490756482,-505.24614189641,290.44687733467
463,379.246638817783,-469.162024345501,157.398212544015
464,459.862348543621,-426.889704905698,-22.6882175933178
465,490.539634830851,-342.54005535832,-195.812109791825
466,493.090060576804,-188.267830892302,-328.867370040447
467,463.261802335836,-26.5496631161664,-432.438791564501
468,354.452886661491,126.104579260748,-490.209947721415
469,230.10220953835,283.694148303455,-509.603158253795
470,103.457828430577,409.833948510786,-462.896953052855
471,-72.003435536417,483.643774388924,-378.179803602723
472,-245.445290906233,499.319675820831,-307.060539448255
473,-375.14601544921,466.540473380039,-148.764526667161
474,-456.724185332113,444.164628733098,32.4813500838519
475,-489.856900587279,331.470705307913,187.730843394096
476,-504.313867211817,178.10885712256,326.182130979903
477,-454.513863725025,37.9582255515087,436.046791910598
478,-342.797350679286,-122.927151710496,494.583669952663
479,-248.297923519403,-289.705098064721,505.201439969445
480,-104.008917052024,-414.093612857128,450.18442179153
481,80.9646645432744,-477.052599431682,403.08713892484
482,247.421797244905,-491.438853198641,301.170349714617
483,368.559396169106,-486.278502806782,136.806741473923
484,456.271166213624,-437.996993379743,-27.6550217095346
485,498.664334206382,-314.93449502766,-181.123445269219
486,504.182771099291,-187.38475595083,-329.585899125934
487,437.482790319529,-47.7342413266895,-441.21330639185
488,353.560031107181,129.8698920923,-495.025592812696
489,260.25514875054,294.211641569971,-495.498494442484
490,94.1060656365025,410.63193201908,-453.519752257814
491,-87.837232191877,474.832419976056,-417.364350551355
492,-238.561093693922,490.702652366132,-288.291799289319
493,-368.447353553161,498.463548258362,-127.455827522058
494,-459.406254786517,425.944040737238,14.9686594088261
495,-503.383917505613,306.346079517474,179.428601371176
496,-498.509874835913,203.822358648319,335.070389640792
497,-427.609107058387,47.357072733514,443.464249246948
498,-374.722646850563,-137.917816439916,489.902527881157
499,-255.876387690491,-294.805410373593,487.637415400011
500,-82.7169017017217,-403.31985613343,474.482603212096
501,83.8931151267195,-474.21083042049,408.5676915621
502,232.036356820899,-502.703277911001,272.895629850273
503,370.406055341148,-494.264525634703,139.553609684327
504,466.110330414711,-408.501237618699,-9.03129606912301
505,501.760491155827,-323.990745921447,-185.301040735805
506,485.234557532785,-208.607584215013,-339.134198510278
507,440.623838514372,-38.140241541748,-439.16445977953
508,382.984761159069,142.062071611475,-486.117036007102
509,241.331165175738,286.317829086338,-491.051372328876
510,75.3374768685648,403.805551844405,-485.218078523072
511,-69.6955098881489,475.900845964623,-393.668186588682
512,-233.247632999388,509.462992654172,-266.912823085311
513,-373.967017676161,485.409322878954,-155.739293876311
514,-466.487615923956,402.08648601542,11.4689849368477
515,-498.288378855614,342.885346092959,192.695382957451
516,-479.1885286309,204.831035980754,337.303550140246
517,-459.371132630189,26.1776976225025,432.564286750271
518,-374.183225801374,-138.730210262492,484.944029468507
519,-228.191760028864,-279.513181299896,503.391837102855
520,-87.5810960628365,-405.646933059795,479.52739334028
521,66.0389444664982,-483.247105054368,377.366676912295
522,238.16517673563,-505.48270035651,287.635841520018
523,378.99429813168,-470.92345505079,157.217260684394
524,461.38673189102,-422.807402357701,-20.6636353313159
525,491.456023610746,-344.02900994879,-195.779189485802
526,489.554906291401,-190.827982513337,-330.196327089138
527,464.946127665833,-24.3185877128809,-432.564891928131
528,357.845910737155,126.723150344721,-487.954864798832
529,225.96361947098,283.061955603923,-510.584554491761
530,103.148858374416,408.570481637801,-465.954028050363
531,-70.4891777041261,484.215197125255,-374.744041223041
532,-244.571115095566,500.882908902474,-305.868620096105
533,-376.214538139352,465.908115348578,-151.121525284679
534,-456.763527957683,441.312766312185,31.0350955239151
535,-490.086999083156,334.559507708149,190.59251701629
536,-501.78759591077,179.704087633356,325.284140868723
537,-457.307464436426,34.6708271970579,435.521802860742
538,-343.868799320141,-122.528050732588,494.236829641374
539,-245.359050484222,-288.397531089584,506.017885406373
540,-104.133436434349,-414.245421920956,451.345473604565
541,79.101820630777,-478.099196115076,399.989991842564
542,247.604510055186,-491.977165317588,302.036576131552
543,370.019283768194,-483.42475494858,138.908681293856
544,455.779134122809,-439.419557738765,-28.9901963547214
545,496.675002849827,-318.23708916286,-182.166164279444
546,505.568524750971,-183.519759468762,-329.047834396229
547,440.86963277161,-47.5113763422179,-439.462457912582
548,347.763444777622,128.628039060544,-496.1702822455
549,261.246616569756,293.42029498142,-497.687019099458
550,95.9557845349672,411.564521459667,-449.881247347311
551,-87.3630079251098,475.235551559562,-417.336432598206
552,-240.316224624961,490.18384678131,-291.148012578106
553,-367.833800349609,496.563418273499,-128.679362294495
554,-459.29436287243,429.086663316544,18.6274769794705
555,-501.937405573402,307.205181041464,178.345062508873
556,-500.37805909816,199.832959024387,334.355620200643
557,-428.400256354813,48.6631041408272,443.617215043521
558,-371.435070985247,-136.386705974159,490.580845288883
559,-257.07324756919,-295.612675065511,488.175348835199
560,-84.9067438021125,-404.562004133026,472.066721776418
561,84.8219209408114,-473.493406395589,409.799402889401
562,233.558880477683,-501.373896421565,275.30993622033
563,369.703730193149,-495.112257538247,136.933494831976
564,464.87698340083,-411.622361672414,-9.51955483987366
565,502.904248369683,-318.964467216683,-184.184119309984
566,488.559673684283,-210.122352482065,-337.959349333869
567,434.363194209392,-39.3821507891747,-440.728358482414
568,384.810584393963,142.137288560704,-487.29251304452
569,244.173062613772,287.473188486382,-488.058063462223
570,74.8470952738616,403.722449477742,-485.426521065917
571,-71.9018005570702,475.387958744339,-396.845026836429
572,-232.277070248826,508.192342698518,-266.921303222979
573,-373.702034638446,487.948263164371,-152.071056480952
574,-466.413385258949,402.489575034617,9.73433287623737
575,-498.998025980433,338.641381364494,191.492081146797
576,-479.759633102782,207.130499673313,338.525072123484
577,-456.338083321027,28.2910461908752,433.07495909092
578,-376.248738628915,-140.283209385881,484.686603491975
579,-229.913953691185,-280.479848812413,502.300402679193
580,-85.726323563603,-404.7293823693,480.336717654828
581,66.8508325608215,-482.79825622453,379.491116214937
582,236.83046903856,-506.095787391447,284.145142129247
583,378.263182511315,-473.404018747417,157.308077270575
584,462.914388044899,-417.65051248173,-18.8268756444787
585,492.913422393448,-345.83856888071,-195.578074695202
586,485.338927055876,-193.502556813447,-331.430648001737
587,466.604152252663,-22.1565703218414,-432.769329855253
588,361.015943802672,127.423482676661,-486.029208437842
589,223.712620821685,282.343459251785,-510.802572397149
590,101.45472909294,407.761438895024,-468.945693411177
591,-68.9518195905503,484.159257345917,-373.667489938049
592,-243.718861319906,502.315794283123,-302.501010792298
593,-377.32614169683,466.206723169155,-153.551747714016
594,-456.754052042666,437.515500571607,29.2673229183098
595,-490.236573009218,337.528972211347,193.067223322382
596,-499.696074016489,181.449830848066,325.002830015042
597,-459.404067914522,32.3277937487836,434.775456070433
598,-345.217994547316,-123.018658244934,494.26419680359
599,-242.763855792303,-286.938611492815,506.318483671466
600,-103.716809377148,-414.017920283108,453.055274882844
601,77.2061020818191,-479.336491757015,396.18751925244
